{"version": "1", "message": "ERROR: Hidden Testcases server unreachable.", "problem_id": "ads1_m6_a1", "user_id": "Mounika2010", "score": {"sample": {"0": {"execution_time": 0.27501702308654785, "passed": false}, "1": {"execution_time": 0.2932162284851074, "passed": false}, "2": {"execution_time": 0.2953372001647949, "passed": false}, "3": {"execution_time": 0.31934404373168945, "passed": false}, "4": {"execution_time": 0.2993178367614746, "passed": false}, "5": {"execution_time": 0.34372949600219727, "passed": false}, "6": {"execution_time": 0.2635350227355957, "passed": false}, "7": {"execution_time": 0.22666120529174805, "passed": false}, "8": {"execution_time": 0.25929713249206543, "passed": false}, "9": {"execution_time": 0.259082555770874, "passed": false}, "10": {"execution_time": 0.24452543258666992, "passed": false}, "11": {"execution_time": 0.23203682899475098, "passed": false}}}, "check_style_score": "0/1"}